mysqldump: [Warning] Using a password on the command line interface can be insecure.
-- MySQL dump 10.13  Distrib 9.2.0, for Linux (aarch64)
--
-- Host: localhost    Database: chatdb
-- ------------------------------------------------------
-- Server version	9.2.0
--
-- Table structure for table `courses`
--

DROP TABLE IF EXISTS `courses`;
/*!40101 SET @saved_cs_client     = @@character_set_client */;
/*!50503 SET character_set_client = utf8mb4 */;
CREATE TABLE `courses` (
  `course_id` int NOT NULL,
  `course_name` varchar(40) NOT NULL,
  `course_description` text,
  `course_code` varchar(24) DEFAULT NULL,
  `course_credits` decimal(2,1) DEFAULT NULL,
  `course_instructor` varchar(50) DEFAULT NULL,
  `course_start_date` date DEFAULT NULL,
  `course_end_date` date DEFAULT NULL,
  `course_department` varchar(17) DEFAULT NULL,
  `course_location` varchar(50) DEFAULT NULL,
  PRIMARY KEY (`course_id`)
) ENGINE=InnoDB DEFAULT CHARSET=utf8mb4 COLLATE=utf8mb4_0900_ai_ci;
/*!40101 SET character_set_client = @saved_cs_client */;

--
-- Dumping data for table `courses`
--

LOCK TABLES `courses` WRITE;
/*!40000 ALTER TABLE `courses` DISABLE KEYS */;
INSERT INTO `courses` VALUES (1,'Introduction to Film Studies','Vestibulum quam sapien, varius ut, blandit non, interdum in, ante. Vestibulum ante ipsum primis in faucibus orci luctus et ultrices posuere cubilia Curae; Duis faucibus accumsan odio. Curabitur convallis.\n\nDuis consequat dui nec nisi volutpat eleifend. Donec ut dolor. Morbi vel lectus in quam fringilla rhoncus.\n\nMauris enim leo, rhoncus sed, vestibulum sit amet, cursus id, turpis. Integer aliquet, massa id lobortis convallis, tortor risus dapibus augue, vel accumsan tellus nisi eu orci. Mauris lacinia sapien quis libero.','BUS310',5.0,'Ailina Upward','2022-05-19','2022-05-22','Art','9 Dottie Circle'),(2,'Entrepreneurship and Innovation','Quisque id justo sit amet sapien dignissim vestibulum. Vestibulum ante ipsum primis in faucibus orci luctus et ultrices posuere cubilia Curae; Nulla dapibus dolor vel est. Donec odio justo, sollicitudin ut, suscipit a, feugiat et, eros.','EDUC220',4.0,'Turner Inman','2022-06-27','2022-05-10','Philosophy','578 Stone Corner Road'),(3,'Art History: Renaissance to Modern','Integer ac leo. Pellentesque ultrices mattis odio. Donec vitae nisi.\n\nNam ultrices, libero non mattis pulvinar, nulla pede ullamcorper augue, a suscipit nulla elit ac nulla. Sed vel enim sit amet nunc viverra dapibus. Nulla suscipit ligula in lacus.','PHIL160',3.0,'Osbourne Braywood','2022-08-18','2022-06-15','Mathematics','43028 Cherokee Way'),(4,'Public Speaking','Suspendisse potenti. In eleifend quam a odio. In hac habitasse platea dictumst.','ANTH200',2.9,'Wilma Haddleston','2022-04-20','2022-08-14','Engineering','269 Manitowish Road'),(5,'Statistics for Business','In hac habitasse platea dictumst. Etiam faucibus cursus urna. Ut tellus.\n\nNulla ut erat id mauris vulputate elementum. Nullam varius. Nulla facilisi.','SOC101',4.2,'Gabie Archbould','2022-08-08','2022-04-13','Philosophy','75 Carpenter Hill'),(6,'Nutrition and Wellness','Sed sagittis. Nam congue, risus semper porta volutpat, quam pede lobortis ligula, sit amet eleifend pede libero quis orci. Nullam molestie nibh in lectus.','BUS310',4.8,'Bernardine Franschini','2022-04-26','2022-07-22','Geology','2 Everett Place'),(7,'Environmental Science and Sustainability','Integer tincidunt ante vel ipsum. Praesent blandit lacinia erat. Vestibulum sed magna at nunc commodo placerat.','ART110',4.9,'Cahra Petche','2022-03-09','2022-03-19','Health Sciences','3 Independence Center'),(8,'Entrepreneurship and Innovation','In hac habitasse platea dictumst. Etiam faucibus cursus urna. Ut tellus.\n\nNulla ut erat id mauris vulputate elementum. Nullam varius. Nulla facilisi.\n\nCras non velit nec nisi vulputate nonummy. Maecenas tincidunt lacus at velit. Vivamus vel nulla eget eros elementum pellentesque.','URBANPLANNING270',1.9,'Pearline Swarbrigg','2022-07-16','2022-04-02','Sociology','56452 Buena Vista Park'),(9,'Introduction to Psychology','Vestibulum quam sapien, varius ut, blandit non, interdum in, ante. Vestibulum ante ipsum primis in faucibus orci luctus et ultrices posuere cubilia Curae; Duis faucibus accumsan odio. Curabitur convallis.\n\nDuis consequat dui nec nisi volutpat eleifend. Donec ut dolor. Morbi vel lectus in quam fringilla rhoncus.\n\nMauris enim leo, rhoncus sed, vestibulum sit amet, cursus id, turpis. Integer aliquet, massa id lobortis convallis, tortor risus dapibus augue, vel accumsan tellus nisi eu orci. Mauris lacinia sapien quis libero.','PHILOSOPHY230',4.8,'Mildred Cocksedge','2022-03-13','2022-06-04','Psychology','4 Fisk Road'),(10,'Ethics in the Workplace','Quisque id justo sit amet sapien dignissim vestibulum. Vestibulum ante ipsum primis in faucibus orci luctus et ultrices posuere cubilia Curae; Nulla dapibus dolor vel est. Donec odio justo, sollicitudin ut, suscipit a, feugiat et, eros.\n\nVestibulum ac est lacinia nisi venenatis tristique. Fusce congue, diam id ornare imperdiet, sapien urna pretium nisl, ut volutpat sapien arcu sed augue. Aliquam erat volutpat.\n\nIn congue. Etiam justo. Etiam pretium iaculis justo.','CRIM200',3.1,'Drusi O\'Dowling','2022-03-26','2022-04-11','Political Science','63021 Coolidge Road'),(11,'Nutrition and Wellness','Curabitur gravida nisi at nibh. In hac habitasse platea dictumst. Aliquam augue quam, sollicitudin vitae, consectetuer eget, rutrum at, lorem.','FORESTRY200',2.0,'Idalina Endrighi','2022-07-23','2022-03-26','Economics','8 Coolidge Terrace'),(12,'Ethics in the Workplace','Quisque id justo sit amet sapien dignissim vestibulum. Vestibulum ante ipsum primis in faucibus orci luctus et ultrices posuere cubilia Curae; Nulla dapibus dolor vel est. Donec odio justo, sollicitudin ut, suscipit a, feugiat et, eros.\n\nVestibulum ac est lacinia nisi venenatis tristique. Fusce congue, diam id ornare imperdiet, sapien urna pretium nisl, ut volutpat sapien arcu sed augue. Aliquam erat volutpat.\n\nIn congue. Etiam justo. Etiam pretium iaculis justo.','ENG102',2.3,'Abra Maystone','2022-03-28','2022-04-28','Psychology','48807 Transport Crossing'),(13,'Nutrition and Wellness','Lorem ipsum dolor sit amet, consectetuer adipiscing elit. Proin risus. Praesent lectus.','BUS310',4.9,'Pamelina Blinerman','2022-07-10','2022-03-04','Sociology','49908 Milwaukee Point'),(14,'Entrepreneurship and Innovation','Pellentesque at nulla. Suspendisse potenti. Cras in purus eu magna vulputate luctus.','PUBLICHEALTH230',2.6,'Rhona Adenet','2022-04-16','2022-07-19','Engineering','8157 Towne Park'),(15,'Entrepreneurship and Innovation','Suspendisse potenti. In eleifend quam a odio. In hac habitasse platea dictumst.\n\nMaecenas ut massa quis augue luctus tincidunt. Nulla mollis molestie lorem. Quisque ut erat.\n\nCurabitur gravida nisi at nibh. In hac habitasse platea dictumst. Aliquam augue quam, sollicitudin vitae, consectetuer eget, rutrum at, lorem.','BUS310',2.6,'Towny Dripp','2022-07-29','2022-02-19','Music','06 Westerfield Hill'),(16,'Art History: Renaissance to Modern','Nullam porttitor lacus at turpis. Donec posuere metus vitae ipsum. Aliquam non mauris.\n\nMorbi non lectus. Aliquam sit amet diam in magna bibendum imperdiet. Nullam orci pede, venenatis non, sodales sed, tincidunt eu, felis.','JOURNALISM210',2.6,'Iago Cayzer','2022-04-01','2022-05-14','Geology','0608 Ramsey Pass'),(17,'Marketing Strategies','Maecenas tristique, est et tempus semper, est quam pharetra magna, ac consequat metus sapien ut nunc. Vestibulum ante ipsum primis in faucibus orci luctus et ultrices posuere cubilia Curae; Mauris viverra diam vitae quam. Suspendisse potenti.\n\nNullam porttitor lacus at turpis. Donec posuere metus vitae ipsum. Aliquam non mauris.\n\nMorbi non lectus. Aliquam sit amet diam in magna bibendum imperdiet. Nullam orci pede, venenatis non, sodales sed, tincidunt eu, felis.','PHIL160',4.4,'Jephthah Guinn','2022-08-14','2022-04-03','Chemistry','772 Cambridge Center'),(18,'Environmental Science and Sustainability','Fusce consequat. Nulla nisl. Nunc nisl.','JOURNALISM210',2.9,'Teresina Rontsch','2022-04-02','2022-06-29','Engineering','62 Sachs Parkway'),(19,'Marketing Strategies','Vestibulum quam sapien, varius ut, blandit non, interdum in, ante. Vestibulum ante ipsum primis in faucibus orci luctus et ultrices posuere cubilia Curae; Duis faucibus accumsan odio. Curabitur convallis.\n\nDuis consequat dui nec nisi volutpat eleifend. Donec ut dolor. Morbi vel lectus in quam fringilla rhoncus.','HOSPITALITY180',4.3,'Artemis Finding','2022-03-29','2022-06-26','Biology','32078 Butternut Parkway'),(20,'Introduction to Film Studies','Nam ultrices, libero non mattis pulvinar, nulla pede ullamcorper augue, a suscipit nulla elit ac nulla. Sed vel enim sit amet nunc viverra dapibus. Nulla suscipit ligula in lacus.','NURSING230',1.8,'Ashbey Walcher','2022-04-30','2022-04-22','Music','228 Mcguire Point'),(21,'Nutrition and Wellness','Mauris enim leo, rhoncus sed, vestibulum sit amet, cursus id, turpis. Integer aliquet, massa id lobortis convallis, tortor risus dapibus augue, vel accumsan tellus nisi eu orci. Mauris lacinia sapien quis libero.','MATH200',1.5,'Alasdair Verbeek','2022-04-09','2022-03-12','Economics','96559 Almo Crossing'),(22,'Introduction to Sociology','Lorem ipsum dolor sit amet, consectetuer adipiscing elit. Proin risus. Praesent lectus.','BIO220',4.2,'Loise Penddreth','2022-08-05','2022-03-25','Physics','0 Haas Junction'),(23,'Physics for Non-Science Majors','Fusce posuere felis sed lacus. Morbi sem mauris, laoreet ut, rhoncus aliquet, pulvinar sed, nisl. Nunc rhoncus dui vel sem.\n\nSed sagittis. Nam congue, risus semper porta volutpat, quam pede lobortis ligula, sit amet eleifend pede libero quis orci. Nullam molestie nibh in lectus.\n\nPellentesque at nulla. Suspendisse potenti. Cras in purus eu magna vulputate luctus.','ART110',1.8,'Perla Trouncer','2022-07-05','2022-03-29','Geology','3044 Ryan Way'),(24,'Introduction to Sociology','Aenean lectus. Pellentesque eget nunc. Donec quis orci eget orci vehicula condimentum.','SOC101',1.3,'Rodi Flewett','2022-04-07','2022-08-07','Business','33102 Hovde Street'),(25,'Ethics in the Workplace','Duis bibendum. Morbi non quam nec dui luctus rutrum. Nulla tellus.\n\nIn sagittis dui vel nisl. Duis ac nibh. Fusce lacus purus, aliquet at, feugiat non, pretium quis, lectus.\n\nSuspendisse potenti. In eleifend quam a odio. In hac habitasse platea dictumst.','NURSING230',3.6,'Scot Le land','2022-07-24','2022-05-26','Music','078 Mesta Parkway'),(26,'Entrepreneurship and Innovation','Aenean lectus. Pellentesque eget nunc. Donec quis orci eget orci vehicula condimentum.','FINEARTS200',4.2,'Martha Bothams','2022-03-26','2022-08-22','Education','82651 Becker Pass'),(27,'Financial Accounting Principles','In quis justo. Maecenas rhoncus aliquam lacus. Morbi quis tortor id nulla ultrices aliquet.\n\nMaecenas leo odio, condimentum id, luctus nec, molestie sed, justo. Pellentesque viverra pede ac diam. Cras pellentesque volutpat dui.\n\nMaecenas tristique, est et tempus semper, est quam pharetra magna, ac consequat metus sapien ut nunc. Vestibulum ante ipsum primis in faucibus orci luctus et ultrices posuere cubilia Curae; Mauris viverra diam vitae quam. Suspendisse potenti.','COMM210',1.9,'Shea Deverock','2022-04-07','2022-08-02','Anthropology','10146 Russell Drive'),(28,'Nutrition and Wellness','In hac habitasse platea dictumst. Morbi vestibulum, velit id pretium iaculis, diam erat fermentum justo, nec condimentum neque sapien placerat ante. Nulla justo.','AGRICULTURE240',3.1,'Corena Purdy','2022-03-24','2022-08-08','History','27 Riverside Way'),(29,'Art History: Renaissance to Modern','Nam ultrices, libero non mattis pulvinar, nulla pede ullamcorper augue, a suscipit nulla elit ac nulla. Sed vel enim sit amet nunc viverra dapibus. Nulla suscipit ligula in lacus.','ANTH200',3.6,'Alaster Terry','2022-04-29','2022-06-04','Anthropology','08 Pankratz Place'),(30,'Introduction to Film Studies','In congue. Etiam justo. Etiam pretium iaculis justo.\n\nIn hac habitasse platea dictumst. Etiam faucibus cursus urna. Ut tellus.','FINEARTS200',2.2,'Wilbur Shepherd','2022-03-25','2022-05-02','Engineering','73444 Briar Crest Terrace'),(31,'Creative Writing Workshop','Vestibulum quam sapien, varius ut, blandit non, interdum in, ante. Vestibulum ante ipsum primis in faucibus orci luctus et ultrices posuere cubilia Curae; Duis faucibus accumsan odio. Curabitur convallis.\n\nDuis consequat dui nec nisi volutpat eleifend. Donec ut dolor. Morbi vel lectus in quam fringilla rhoncus.\n\nMauris enim leo, rhoncus sed, vestibulum sit amet, cursus id, turpis. Integer aliquet, massa id lobortis convallis, tortor risus dapibus augue, vel accumsan tellus nisi eu orci. Mauris lacinia sapien quis libero.','EDUC220',2.6,'Clarine Torrent','2022-03-12','2022-04-15','Music','15 Fremont Place'),(32,'Literature of the Romantic Period','Praesent blandit. Nam nulla. Integer pede justo, lacinia eget, tincidunt eget, tempus vel, pede.\n\nMorbi porttitor lorem id ligula. Suspendisse ornare consequat lectus. In est risus, auctor sed, tristique in, tempus sit amet, sem.\n\nFusce consequat. Nulla nisl. Nunc nisl.','FORESTRY200',3.7,'Alana Wolford','2022-08-07','2022-06-07','Biology','00696 Canary Avenue'),(33,'Public Speaking','Cras mi pede, malesuada in, imperdiet et, commodo vulputate, justo. In blandit ultrices enim. Lorem ipsum dolor sit amet, consectetuer adipiscing elit.\n\nProin interdum mauris non ligula pellentesque ultrices. Phasellus id sapien in sapien iaculis congue. Vivamus metus arcu, adipiscing molestie, hendrerit at, vulputate vitae, nisl.\n\nAenean lectus. Pellentesque eget nunc. Donec quis orci eget orci vehicula condimentum.','PHARMACY260',1.5,'Sibilla Sambells','2022-08-12','2022-03-16','Economics','2 Dexter Point'),(34,'Literature of the Romantic Period','Vestibulum quam sapien, varius ut, blandit non, interdum in, ante. Vestibulum ante ipsum primis in faucibus orci luctus et ultrices posuere cubilia Curae; Duis faucibus accumsan odio. Curabitur convallis.\n\nDuis consequat dui nec nisi volutpat eleifend. Donec ut dolor. Morbi vel lectus in quam fringilla rhoncus.','COMM210',1.7,'Ralf Cowton','2022-08-18','2022-08-02','Mathematics','50043 Ramsey Park'),(35,'Introduction to Sociology','Fusce consequat. Nulla nisl. Nunc nisl.\n\nDuis bibendum, felis sed interdum venenatis, turpis enim blandit mi, in porttitor pede justo eu massa. Donec dapibus. Duis at velit eu est congue elementum.','FORESTRY200',4.6,'Byran Maccaddie','2022-08-04','2022-08-27','Health Sciences','7 Troy Hill'),(36,'Literature of the Romantic Period','Duis bibendum. Morbi non quam nec dui luctus rutrum. Nulla tellus.\n\nIn sagittis dui vel nisl. Duis ac nibh. Fusce lacus purus, aliquet at, feugiat non, pretium quis, lectus.\n\nSuspendisse potenti. In eleifend quam a odio. In hac habitasse platea dictumst.','COMM210',4.1,'Cally Berzins','2022-05-29','2022-05-11','Health Sciences','9199 Roxbury Pass'),(37,'Computer Science Fundamentals','Nam ultrices, libero non mattis pulvinar, nulla pede ullamcorper augue, a suscipit nulla elit ac nulla. Sed vel enim sit amet nunc viverra dapibus. Nulla suscipit ligula in lacus.\n\nCurabitur at ipsum ac tellus semper interdum. Mauris ullamcorper purus sit amet nulla. Quisque arcu libero, rutrum ac, lobortis vel, dapibus at, diam.','FORESTRY200',1.6,'Hyacintha Huke','2022-04-12','2022-07-10','Geology','05992 Bayside Drive'),(38,'Public Speaking','Phasellus sit amet erat. Nulla tempus. Vivamus in felis eu sapien cursus vestibulum.\n\nProin eu mi. Nulla ac enim. In tempor, turpis nec euismod scelerisque, quam turpis adipiscing lorem, vitae mattis nibh ligula nec sem.\n\nDuis aliquam convallis nunc. Proin at turpis a pede posuere nonummy. Integer non velit.','BIO220',1.6,'Gustave Haill','2022-05-29','2022-08-05','Engineering','6 Acker Junction'),(39,'Public Speaking','Cras mi pede, malesuada in, imperdiet et, commodo vulputate, justo. In blandit ultrices enim. Lorem ipsum dolor sit amet, consectetuer adipiscing elit.\n\nProin interdum mauris non ligula pellentesque ultrices. Phasellus id sapien in sapien iaculis congue. Vivamus metus arcu, adipiscing molestie, hendrerit at, vulputate vitae, nisl.\n\nAenean lectus. Pellentesque eget nunc. Donec quis orci eget orci vehicula condimentum.','PHIL160',3.3,'Nari Deyes','2022-05-23','2022-08-16','Psychology','877 Meadow Ridge Parkway'),(40,'Environmental Science and Sustainability','Mauris enim leo, rhoncus sed, vestibulum sit amet, cursus id, turpis. Integer aliquet, massa id lobortis convallis, tortor risus dapibus augue, vel accumsan tellus nisi eu orci. Mauris lacinia sapien quis libero.\n\nNullam sit amet turpis elementum ligula vehicula consequat. Morbi a ipsum. Integer a nibh.','FOREIGNLANGUAGE240',1.1,'Nadeen Oakland','2022-05-28','2022-04-05','Computer Science','783 Debra Pass'),(41,'Art History: Renaissance to Modern','Quisque porta volutpat erat. Quisque erat eros, viverra eget, congue eget, semper rutrum, nulla. Nunc purus.','PHOTOGRAPHY220',2.7,'Renato Riccardelli','2022-08-03','2022-06-06','Economics','830 5th Plaza'),(42,'Introduction to Political Science','Nullam porttitor lacus at turpis. Donec posuere metus vitae ipsum. Aliquam non mauris.\n\nMorbi non lectus. Aliquam sit amet diam in magna bibendum imperdiet. Nullam orci pede, venenatis non, sodales sed, tincidunt eu, felis.','ANTH200',4.7,'Norton Keppel','2022-08-26','2022-08-19','Physics','168 Kinsman Crossing'),(43,'Entrepreneurship and Innovation','Morbi non lectus. Aliquam sit amet diam in magna bibendum imperdiet. Nullam orci pede, venenatis non, sodales sed, tincidunt eu, felis.','COMPSCI320',2.6,'Quentin Auden','2022-08-18','2022-08-06','Geology','8 Florence Street'),(44,'Marketing Strategies','Phasellus sit amet erat. Nulla tempus. Vivamus in felis eu sapien cursus vestibulum.\n\nProin eu mi. Nulla ac enim. In tempor, turpis nec euismod scelerisque, quam turpis adipiscing lorem, vitae mattis nibh ligula nec sem.','PHYS300',2.6,'Thebault Harmer','2022-07-08','2022-06-02','Political Science','1876 Arapahoe Drive'),(45,'Nutrition and Wellness','Sed sagittis. Nam congue, risus semper porta volutpat, quam pede lobortis ligula, sit amet eleifend pede libero quis orci. Nullam molestie nibh in lectus.\n\nPellentesque at nulla. Suspendisse potenti. Cras in purus eu magna vulputate luctus.\n\nCum sociis natoque penatibus et magnis dis parturient montes, nascetur ridiculus mus. Vivamus vestibulum sagittis sapien. Cum sociis natoque penatibus et magnis dis parturient montes, nascetur ridiculus mus.','ANTH200',2.6,'Roi Gemelli','2022-05-20','2022-07-12','Computer Science','8449 Maywood Pass'),(46,'Music Appreciation','Etiam vel augue. Vestibulum rutrum rutrum neque. Aenean auctor gravida sem.\n\nPraesent id massa id nisl venenatis lacinia. Aenean sit amet justo. Morbi ut odio.\n\nCras mi pede, malesuada in, imperdiet et, commodo vulputate, justo. In blandit ultrices enim. Lorem ipsum dolor sit amet, consectetuer adipiscing elit.','HIST150',1.7,'Joe Lassells','2022-07-17','2022-07-14','English','9 Farmco Way'),(47,'Introduction to Film Studies','Integer tincidunt ante vel ipsum. Praesent blandit lacinia erat. Vestibulum sed magna at nunc commodo placerat.\n\nPraesent blandit. Nam nulla. Integer pede justo, lacinia eget, tincidunt eget, tempus vel, pede.\n\nMorbi porttitor lorem id ligula. Suspendisse ornare consequat lectus. In est risus, auctor sed, tristique in, tempus sit amet, sem.','CS101',4.3,'Mufi Bullick','2022-04-07','2022-05-02','Psychology','15746 Crowley Park'),(48,'Marketing Strategies','Morbi non lectus. Aliquam sit amet diam in magna bibendum imperdiet. Nullam orci pede, venenatis non, sodales sed, tincidunt eu, felis.','JOURNALISM210',1.8,'Nara Victoria','2022-03-09','2022-07-12','Geology','5 Cardinal Junction'),(49,'Literature of the Romantic Period','Cras mi pede, malesuada in, imperdiet et, commodo vulputate, justo. In blandit ultrices enim. Lorem ipsum dolor sit amet, consectetuer adipiscing elit.\n\nProin interdum mauris non ligula pellentesque ultrices. Phasellus id sapien in sapien iaculis congue. Vivamus metus arcu, adipiscing molestie, hendrerit at, vulputate vitae, nisl.\n\nAenean lectus. Pellentesque eget nunc. Donec quis orci eget orci vehicula condimentum.','PHOTOGRAPHY220',3.2,'Cornelle Wiszniewski','2022-04-05','2022-07-04','Business','1 Mosinee Avenue'),(50,'Public Speaking','In congue. Etiam justo. Etiam pretium iaculis justo.\n\nIn hac habitasse platea dictumst. Etiam faucibus cursus urna. Ut tellus.\n\nNulla ut erat id mauris vulputate elementum. Nullam varius. Nulla facilisi.','ENG102',4.9,'Caril Whitnell','2022-03-25','2022-06-13','Health Sciences','86062 Annamark Drive'),(51,'Introduction to World Religions','Fusce consequat. Nulla nisl. Nunc nisl.\n\nDuis bibendum, felis sed interdum venenatis, turpis enim blandit mi, in porttitor pede justo eu massa. Donec dapibus. Duis at velit eu est congue elementum.','PSYCHOBIOLOGY320',3.7,'Nada Tesh','2022-05-24','2022-08-25','Chemistry','492 Mayfield Park'),(52,'History of Ancient Civilizations','In hac habitasse platea dictumst. Morbi vestibulum, velit id pretium iaculis, diam erat fermentum justo, nec condimentum neque sapien placerat ante. Nulla justo.\n\nAliquam quis turpis eget elit sodales scelerisque. Mauris sit amet eros. Suspendisse accumsan tortor quis turpis.\n\nSed ante. Vivamus tortor. Duis mattis egestas metus.','LANG180',4.3,'Dre Gomersal','2022-03-15','2022-07-12','Education','509 Eastwood Road'),(53,'Environmental Science and Sustainability','In sagittis dui vel nisl. Duis ac nibh. Fusce lacus purus, aliquet at, feugiat non, pretium quis, lectus.\n\nSuspendisse potenti. In eleifend quam a odio. In hac habitasse platea dictumst.\n\nMaecenas ut massa quis augue luctus tincidunt. Nulla mollis molestie lorem. Quisque ut erat.','PHIL160',2.8,'Jemimah Beincken','2022-04-22','2022-08-20','Engineering','18 Badeau Drive'),(54,'Ethics in the Workplace','Lorem ipsum dolor sit amet, consectetuer adipiscing elit. Proin risus. Praesent lectus.\n\nVestibulum quam sapien, varius ut, blandit non, interdum in, ante. Vestibulum ante ipsum primis in faucibus orci luctus et ultrices posuere cubilia Curae; Duis faucibus accumsan odio. Curabitur convallis.\n\nDuis consequat dui nec nisi volutpat eleifend. Donec ut dolor. Morbi vel lectus in quam fringilla rhoncus.','CRIMINALJUSTICE260',4.6,'Bentlee Chatainier','2022-06-24','2022-03-31','Biology','15 Valley Edge Center'),(55,'Environmental Science and Sustainability','Lorem ipsum dolor sit amet, consectetuer adipiscing elit. Proin risus. Praesent lectus.\n\nVestibulum quam sapien, varius ut, blandit non, interdum in, ante. Vestibulum ante ipsum primis in faucibus orci luctus et ultrices posuere cubilia Curae; Duis faucibus accumsan odio. Curabitur convallis.\n\nDuis consequat dui nec nisi volutpat eleifend. Donec ut dolor. Morbi vel lectus in quam fringilla rhoncus.','PHOTOGRAPHY220',1.3,'Dru Stonbridge','2022-08-09','2022-04-25','Chemistry','12630 Colorado Plaza'),(56,'Introduction to Film Studies','Duis bibendum, felis sed interdum venenatis, turpis enim blandit mi, in porttitor pede justo eu massa. Donec dapibus. Duis at velit eu est congue elementum.\n\nIn hac habitasse platea dictumst. Morbi vestibulum, velit id pretium iaculis, diam erat fermentum justo, nec condimentum neque sapien placerat ante. Nulla justo.\n\nAliquam quis turpis eget elit sodales scelerisque. Mauris sit amet eros. Suspendisse accumsan tortor quis turpis.','PHOTOGRAPHY220',1.6,'Retha Keay','2022-05-01','2022-03-17','Business','654 Kenwood Court'),(57,'Creative Writing Workshop','Praesent id massa id nisl venenatis lacinia. Aenean sit amet justo. Morbi ut odio.\n\nCras mi pede, malesuada in, imperdiet et, commodo vulputate, justo. In blandit ultrices enim. Lorem ipsum dolor sit amet, consectetuer adipiscing elit.\n\nProin interdum mauris non ligula pellentesque ultrices. Phasellus id sapien in sapien iaculis congue. Vivamus metus arcu, adipiscing molestie, hendrerit at, vulputate vitae, nisl.','MEDICINE340',1.5,'Cassy Flann','2022-04-09','2022-06-02','Economics','1657 Graceland Hill'),(58,'Introduction to Political Science','Nam ultrices, libero non mattis pulvinar, nulla pede ullamcorper augue, a suscipit nulla elit ac nulla. Sed vel enim sit amet nunc viverra dapibus. Nulla suscipit ligula in lacus.','URBANPLANNING270',1.4,'Pierre Pitone','2022-06-07','2022-07-20','Chemistry','86194 Browning Point'),(59,'Nutrition and Wellness','Proin leo odio, porttitor id, consequat in, consequat ut, nulla. Sed accumsan felis. Ut at dolor quis odio consequat varius.\n\nInteger ac leo. Pellentesque ultrices mattis odio. Donec vitae nisi.\n\nNam ultrices, libero non mattis pulvinar, nulla pede ullamcorper augue, a suscipit nulla elit ac nulla. Sed vel enim sit amet nunc viverra dapibus. Nulla suscipit ligula in lacus.','PHIL160',2.7,'Burt Selby','2022-05-07','2022-07-07','Chemistry','252 Miller Way'),(60,'Introduction to Sociology','Phasellus sit amet erat. Nulla tempus. Vivamus in felis eu sapien cursus vestibulum.','LANG180',4.6,'Charity Barchrameev','2022-04-21','2022-08-10','English','051 Laurel Alley'),(61,'Computer Science Fundamentals','Duis bibendum, felis sed interdum venenatis, turpis enim blandit mi, in porttitor pede justo eu massa. Donec dapibus. Duis at velit eu est congue elementum.\n\nIn hac habitasse platea dictumst. Morbi vestibulum, velit id pretium iaculis, diam erat fermentum justo, nec condimentum neque sapien placerat ante. Nulla justo.\n\nAliquam quis turpis eget elit sodales scelerisque. Mauris sit amet eros. Suspendisse accumsan tortor quis turpis.','ECON301',2.5,'Deerdre MacVean','2022-06-27','2022-06-10','Music','7629 Village Green Terrace'),(62,'Nutrition and Wellness','Praesent id massa id nisl venenatis lacinia. Aenean sit amet justo. Morbi ut odio.\n\nCras mi pede, malesuada in, imperdiet et, commodo vulputate, justo. In blandit ultrices enim. Lorem ipsum dolor sit amet, consectetuer adipiscing elit.\n\nProin interdum mauris non ligula pellentesque ultrices. Phasellus id sapien in sapien iaculis congue. Vivamus metus arcu, adipiscing molestie, hendrerit at, vulputate vitae, nisl.','SOCIOLINGUISTICS280',4.6,'Phyllys Churchill','2022-08-16','2022-07-19','Health Sciences','206 Morrow Road'),(63,'Music Appreciation','Duis consequat dui nec nisi volutpat eleifend. Donec ut dolor. Morbi vel lectus in quam fringilla rhoncus.\n\nMauris enim leo, rhoncus sed, vestibulum sit amet, cursus id, turpis. Integer aliquet, massa id lobortis convallis, tortor risus dapibus augue, vel accumsan tellus nisi eu orci. Mauris lacinia sapien quis libero.','FILM200',2.2,'Odie Knowlys','2022-07-20','2022-07-07','Business','84625 Vahlen Lane'),(64,'Literature of the Romantic Period','Nullam sit amet turpis elementum ligula vehicula consequat. Morbi a ipsum. Integer a nibh.\n\nIn quis justo. Maecenas rhoncus aliquam lacus. Morbi quis tortor id nulla ultrices aliquet.\n\nMaecenas leo odio, condimentum id, luctus nec, molestie sed, justo. Pellentesque viverra pede ac diam. Cras pellentesque volutpat dui.','GEOG250',3.9,'Cam Hintzer','2022-07-01','2022-07-09','Psychology','0 Onsgard Crossing'),(65,'Computer Science Fundamentals','Praesent id massa id nisl venenatis lacinia. Aenean sit amet justo. Morbi ut odio.\n\nCras mi pede, malesuada in, imperdiet et, commodo vulputate, justo. In blandit ultrices enim. Lorem ipsum dolor sit amet, consectetuer adipiscing elit.\n\nProin interdum mauris non ligula pellentesque ultrices. Phasellus id sapien in sapien iaculis congue. Vivamus metus arcu, adipiscing molestie, hendrerit at, vulputate vitae, nisl.','MATH200',2.0,'Remy Piniur','2022-04-25','2022-05-18','Music','305 Westport Park'),(66,'Computer Science Fundamentals','Quisque porta volutpat erat. Quisque erat eros, viverra eget, congue eget, semper rutrum, nulla. Nunc purus.','HIST150',1.5,'Allistir Dornan','2022-08-23','2022-05-07','Biology','95763 3rd Hill'),(67,'Computer Science Fundamentals','Integer tincidunt ante vel ipsum. Praesent blandit lacinia erat. Vestibulum sed magna at nunc commodo placerat.','NURSING230',4.1,'Jolie Anlay','2022-06-27','2022-07-19','Sociology','12179 Vernon Trail'),(68,'Art History: Renaissance to Modern','Sed ante. Vivamus tortor. Duis mattis egestas metus.','FORESTRY200',2.4,'Mellisa Blaszczak','2022-08-25','2022-08-05','Sociology','589 Goodland Terrace'),(69,'Introduction to World Religions','Phasellus sit amet erat. Nulla tempus. Vivamus in felis eu sapien cursus vestibulum.\n\nProin eu mi. Nulla ac enim. In tempor, turpis nec euismod scelerisque, quam turpis adipiscing lorem, vitae mattis nibh ligula nec sem.\n\nDuis aliquam convallis nunc. Proin at turpis a pede posuere nonummy. Integer non velit.','EDUC220',1.7,'Tamas Pedycan','2022-07-15','2022-03-06','Economics','70433 Norway Maple Drive'),(70,'History of Ancient Civilizations','Nulla ut erat id mauris vulputate elementum. Nullam varius. Nulla facilisi.\n\nCras non velit nec nisi vulputate nonummy. Maecenas tincidunt lacus at velit. Vivamus vel nulla eget eros elementum pellentesque.\n\nQuisque porta volutpat erat. Quisque erat eros, viverra eget, congue eget, semper rutrum, nulla. Nunc purus.','LINGUISTICS190',4.2,'Glynda Simkiss','2022-08-01','2022-06-11','Geology','2 Esch Place'),(71,'Introduction to Film Studies','Donec diam neque, vestibulum eget, vulputate ut, ultrices vel, augue. Vestibulum ante ipsum primis in faucibus orci luctus et ultrices posuere cubilia Curae; Donec pharetra, magna vestibulum aliquet ultrices, erat tortor sollicitudin mi, sit amet lobortis sapien sapien non mi. Integer ac neque.','MATH200',2.3,'Karmen Allott','2022-06-04','2022-05-30','English','7 Northwestern Drive'),(72,'Introduction to Psychology','Curabitur gravida nisi at nibh. In hac habitasse platea dictumst. Aliquam augue quam, sollicitudin vitae, consectetuer eget, rutrum at, lorem.\n\nInteger tincidunt ante vel ipsum. Praesent blandit lacinia erat. Vestibulum sed magna at nunc commodo placerat.','ASTRONOMY300',2.4,'Cedric Pierri','2022-08-18','2022-07-30','Physics','49017 Loftsgordon Hill'),(73,'Nutrition and Wellness','Cum sociis natoque penatibus et magnis dis parturient montes, nascetur ridiculus mus. Vivamus vestibulum sagittis sapien. Cum sociis natoque penatibus et magnis dis parturient montes, nascetur ridiculus mus.\n\nEtiam vel augue. Vestibulum rutrum rutrum neque. Aenean auctor gravida sem.','SOCIOLINGUISTICS280',1.5,'Theodoric Grouen','2022-08-18','2022-07-17','Music','43321 Sachs Plaza'),(74,'Physics for Non-Science Majors','Morbi non lectus. Aliquam sit amet diam in magna bibendum imperdiet. Nullam orci pede, venenatis non, sodales sed, tincidunt eu, felis.\n\nFusce posuere felis sed lacus. Morbi sem mauris, laoreet ut, rhoncus aliquet, pulvinar sed, nisl. Nunc rhoncus dui vel sem.','EDUC220',3.6,'Glyn Martinets','2022-04-20','2022-02-26','Health Sciences','1 Judy Terrace'),(75,'History of Ancient Civilizations','Quisque porta volutpat erat. Quisque erat eros, viverra eget, congue eget, semper rutrum, nulla. Nunc purus.\n\nPhasellus in felis. Donec semper sapien a libero. Nam dui.','ART110',3.5,'Friedrich Blaine','2022-08-29','2022-02-21','Philosophy','976 Hanover Avenue'),(76,'Introduction to World Religions','Praesent blandit. Nam nulla. Integer pede justo, lacinia eget, tincidunt eget, tempus vel, pede.\n\nMorbi porttitor lorem id ligula. Suspendisse ornare consequat lectus. In est risus, auctor sed, tristique in, tempus sit amet, sem.\n\nFusce consequat. Nulla nisl. Nunc nisl.','PSYCH201',3.7,'Tonya Skillett','2022-04-25','2022-02-20','Sociology','30 Cody Junction'),(77,'Public Speaking','Aenean fermentum. Donec ut mauris eget massa tempor convallis. Nulla neque libero, convallis eget, eleifend luctus, ultricies eu, nibh.','PUBLICHEALTH230',3.2,'Barnebas Stracey','2022-04-12','2022-06-15','Business','2397 Springview Circle'),(78,'Introduction to Sociology','In sagittis dui vel nisl. Duis ac nibh. Fusce lacus purus, aliquet at, feugiat non, pretium quis, lectus.\n\nSuspendisse potenti. In eleifend quam a odio. In hac habitasse platea dictumst.','HIST150',1.9,'Darill Thomasset','2022-06-13','2022-06-01','Political Science','8 Ramsey Parkway'),(79,'Creative Writing Workshop','In congue. Etiam justo. Etiam pretium iaculis justo.\n\nIn hac habitasse platea dictumst. Etiam faucibus cursus urna. Ut tellus.','MARKETING310',2.9,'Lynea McBeth','2022-07-07','2022-04-13','Physics','0276 Canary Plaza'),(80,'Nutrition and Wellness','Duis aliquam convallis nunc. Proin at turpis a pede posuere nonummy. Integer non velit.\n\nDonec diam neque, vestibulum eget, vulputate ut, ultrices vel, augue. Vestibulum ante ipsum primis in faucibus orci luctus et ultrices posuere cubilia Curae; Donec pharetra, magna vestibulum aliquet ultrices, erat tortor sollicitudin mi, sit amet lobortis sapien sapien non mi. Integer ac neque.\n\nDuis bibendum. Morbi non quam nec dui luctus rutrum. Nulla tellus.','FORESTRY200',3.3,'Amye Piotrowski','2022-06-29','2022-03-26','Anthropology','27 Monument Junction'),(81,'Entrepreneurship and Innovation','In hac habitasse platea dictumst. Etiam faucibus cursus urna. Ut tellus.','CS101',2.4,'Joey Arkwright','2022-03-19','2022-06-01','Chemistry','4104 Utah Trail'),(82,'Financial Accounting Principles','Nullam sit amet turpis elementum ligula vehicula consequat. Morbi a ipsum. Integer a nibh.\n\nIn quis justo. Maecenas rhoncus aliquam lacus. Morbi quis tortor id nulla ultrices aliquet.','FILM200',1.9,'Zacharias Prendergrass','2022-08-15','2022-07-23','Physics','36 Northridge Court'),(83,'Music Appreciation','Cum sociis natoque penatibus et magnis dis parturient montes, nascetur ridiculus mus. Vivamus vestibulum sagittis sapien. Cum sociis natoque penatibus et magnis dis parturient montes, nascetur ridiculus mus.\n\nEtiam vel augue. Vestibulum rutrum rutrum neque. Aenean auctor gravida sem.','PHARMACY260',3.2,'Denise Dytham','2022-04-19','2022-07-19','Sociology','23686 Schiller Way'),(84,'Introduction to World Religions','Phasellus sit amet erat. Nulla tempus. Vivamus in felis eu sapien cursus vestibulum.\n\nProin eu mi. Nulla ac enim. In tempor, turpis nec euismod scelerisque, quam turpis adipiscing lorem, vitae mattis nibh ligula nec sem.','HUM220',1.9,'Shay Mathe','2022-07-23','2022-04-26','Political Science','2635 Jana Alley'),(85,'History of Ancient Civilizations','Cras non velit nec nisi vulputate nonummy. Maecenas tincidunt lacus at velit. Vivamus vel nulla eget eros elementum pellentesque.','MATH200',4.0,'Joann Piffe','2022-06-14','2022-04-21','Music','09798 Muir Parkway'),(86,'Computer Science Fundamentals','Cum sociis natoque penatibus et magnis dis parturient montes, nascetur ridiculus mus. Vivamus vestibulum sagittis sapien. Cum sociis natoque penatibus et magnis dis parturient montes, nascetur ridiculus mus.\n\nEtiam vel augue. Vestibulum rutrum rutrum neque. Aenean auctor gravida sem.\n\nPraesent id massa id nisl venenatis lacinia. Aenean sit amet justo. Morbi ut odio.','PSYCH201',1.8,'Tammara Raveau','2022-04-17','2022-07-23','Geology','2 Hollow Ridge Park'),(87,'Environmental Science and Sustainability','Mauris enim leo, rhoncus sed, vestibulum sit amet, cursus id, turpis. Integer aliquet, massa id lobortis convallis, tortor risus dapibus augue, vel accumsan tellus nisi eu orci. Mauris lacinia sapien quis libero.\n\nNullam sit amet turpis elementum ligula vehicula consequat. Morbi a ipsum. Integer a nibh.','SOC101',3.7,'Gerome Keddle','2022-04-04','2022-03-17','Psychology','49590 Cherokee Plaza'),(88,'Public Speaking','Aenean lectus. Pellentesque eget nunc. Donec quis orci eget orci vehicula condimentum.\n\nCurabitur in libero ut massa volutpat convallis. Morbi odio odio, elementum eu, interdum eu, tincidunt in, leo. Maecenas pulvinar lobortis est.\n\nPhasellus sit amet erat. Nulla tempus. Vivamus in felis eu sapien cursus vestibulum.','STAT350',1.7,'Lothaire Barnwill','2022-04-12','2022-08-07','History','325 Karstens Place'),(89,'Marketing Strategies','In quis justo. Maecenas rhoncus aliquam lacus. Morbi quis tortor id nulla ultrices aliquet.\n\nMaecenas leo odio, condimentum id, luctus nec, molestie sed, justo. Pellentesque viverra pede ac diam. Cras pellentesque volutpat dui.','THEA140',1.9,'Staffard Bessent','2022-08-30','2022-02-18','Engineering','0 Reinke Parkway'),(90,'Introduction to Film Studies','Integer ac leo. Pellentesque ultrices mattis odio. Donec vitae nisi.','PHYS300',2.9,'Fax Ironside','2022-04-05','2022-04-16','Mathematics','58 Arkansas Parkway'),(91,'Statistics for Business','Cras non velit nec nisi vulputate nonummy. Maecenas tincidunt lacus at velit. Vivamus vel nulla eget eros elementum pellentesque.','ECON301',1.0,'Aubert Kanzler','2022-05-26','2022-08-17','Engineering','65 Warrior Parkway'),(92,'Introduction to Political Science','Curabitur gravida nisi at nibh. In hac habitasse platea dictumst. Aliquam augue quam, sollicitudin vitae, consectetuer eget, rutrum at, lorem.\n\nInteger tincidunt ante vel ipsum. Praesent blandit lacinia erat. Vestibulum sed magna at nunc commodo placerat.\n\nPraesent blandit. Nam nulla. Integer pede justo, lacinia eget, tincidunt eget, tempus vel, pede.','ENG102',4.7,'Yorgo Piscot','2022-07-01','2022-04-21','Health Sciences','231 Lighthouse Bay Plaza'),(93,'Nutrition and Wellness','Donec diam neque, vestibulum eget, vulputate ut, ultrices vel, augue. Vestibulum ante ipsum primis in faucibus orci luctus et ultrices posuere cubilia Curae; Donec pharetra, magna vestibulum aliquet ultrices, erat tortor sollicitudin mi, sit amet lobortis sapien sapien non mi. Integer ac neque.\n\nDuis bibendum. Morbi non quam nec dui luctus rutrum. Nulla tellus.','LANG180',1.1,'Klarrisa Iacopo','2022-09-01','2022-08-26','Art','0 Grasskamp Park'),(94,'Literature of the Romantic Period','Quisque id justo sit amet sapien dignissim vestibulum. Vestibulum ante ipsum primis in faucibus orci luctus et ultrices posuere cubilia Curae; Nulla dapibus dolor vel est. Donec odio justo, sollicitudin ut, suscipit a, feugiat et, eros.','PSYCH201',4.6,'Lewes Schulze','2022-04-15','2022-07-13','Health Sciences','7206 Annamark Way'),(95,'Creative Writing Workshop','Suspendisse potenti. In eleifend quam a odio. In hac habitasse platea dictumst.\n\nMaecenas ut massa quis augue luctus tincidunt. Nulla mollis molestie lorem. Quisque ut erat.','ASTRONOMY300',1.2,'Zelma Burl','2022-04-27','2022-07-19','English','97275 Armistice Drive'),(96,'Literature of the Romantic Period','Nulla ut erat id mauris vulputate elementum. Nullam varius. Nulla facilisi.','DANCE110',4.1,'Esme Reilingen','2022-04-13','2022-03-27','Economics','17 Bonner Avenue'),(97,'Nutrition and Wellness','In sagittis dui vel nisl. Duis ac nibh. Fusce lacus purus, aliquet at, feugiat non, pretium quis, lectus.','HIST150',1.7,'Elena Blowen','2022-06-19','2022-05-20','Biology','7398 Fieldstone Plaza'),(98,'Introduction to Psychology','Cras non velit nec nisi vulputate nonummy. Maecenas tincidunt lacus at velit. Vivamus vel nulla eget eros elementum pellentesque.','BUS310',1.4,'Ingar Probart','2022-03-13','2022-02-17','Physics','59 Lerdahl Trail'),(99,'Creative Writing Workshop','Maecenas tristique, est et tempus semper, est quam pharetra magna, ac consequat metus sapien ut nunc. Vestibulum ante ipsum primis in faucibus orci luctus et ultrices posuere cubilia Curae; Mauris viverra diam vitae quam. Suspendisse potenti.','PHYS300',1.4,'Kristel Torns','2022-04-13','2022-03-28','Health Sciences','2 Lighthouse Bay Street'),(100,'Introduction to Film Studies','In sagittis dui vel nisl. Duis ac nibh. Fusce lacus purus, aliquet at, feugiat non, pretium quis, lectus.\n\nSuspendisse potenti. In eleifend quam a odio. In hac habitasse platea dictumst.\n\nMaecenas ut massa quis augue luctus tincidunt. Nulla mollis molestie lorem. Quisque ut erat.','STAT350',1.7,'Patrizio Arkell','2022-04-01','2022-05-13','Anthropology','2 Colorado Park');
/*!40000 ALTER TABLE `courses` ENABLE KEYS */;
UNLOCK TABLES;

--
-- Table structure for table `student_courses`
--

DROP TABLE IF EXISTS `student_courses`;
/*!40101 SET @saved_cs_client     = @@character_set_client */;
/*!50503 SET character_set_client = utf8mb4 */;
CREATE TABLE `student_courses` (
  `student_id` int NOT NULL,
  `course_id` int NOT NULL,
  PRIMARY KEY (`student_id`,`course_id`),
  KEY `course_id` (`course_id`),
  CONSTRAINT `student_courses_ibfk_1` FOREIGN KEY (`student_id`) REFERENCES `students` (`student_id`),
  CONSTRAINT `student_courses_ibfk_2` FOREIGN KEY (`course_id`) REFERENCES `courses` (`course_id`)
) ENGINE=InnoDB DEFAULT CHARSET=utf8mb4 COLLATE=utf8mb4_0900_ai_ci;
/*!40101 SET character_set_client = @saved_cs_client */;

--
-- Dumping data for table `student_courses`
--

LOCK TABLES `student_courses` WRITE;
/*!40000 ALTER TABLE `student_courses` DISABLE KEYS */;
INSERT INTO `student_courses` VALUES (10,1),(7,2),(4,4),(3,5),(8,6),(5,8),(2,10),(5,11),(6,11),(2,13),(10,13),(3,15),(7,15),(1,16),(1,17),(10,17),(1,20),(9,20),(2,21),(4,21),(8,21),(1,23),(5,23),(7,26),(8,26),(1,27),(2,28),(1,29),(4,30),(6,30),(2,32),(8,32),(6,34),(1,35),(1,36),(4,36),(6,38),(10,38),(1,40),(3,40),(9,40),(1,42),(9,42),(1,43),(9,43),(2,44),(4,44),(6,44),(10,45),(1,49),(7,49),(8,50),(2,51),(3,51),(4,51),(10,51),(5,52),(4,54),(6,54),(10,54),(9,55),(10,56),(2,57),(5,59),(7,59),(7,60),(3,61),(8,63),(4,65),(5,65),(9,66),(2,70),(5,70),(6,71),(8,74),(7,80),(5,81),(7,81),(9,82),(9,83),(3,86),(4,86),(7,86),(8,86),(2,87),(10,87),(1,89),(7,89),(9,89),(2,92),(1,94),(2,94),(5,94),(9,94),(3,95),(3,96),(8,97),(10,97),(9,98),(3,99);
/*!40000 ALTER TABLE `student_courses` ENABLE KEYS */;
UNLOCK TABLES;

--
-- Table structure for table `students`
--

DROP TABLE IF EXISTS `students`;
/*!40101 SET @saved_cs_client     = @@character_set_client */;
/*!50503 SET character_set_client = utf8mb4 */;
CREATE TABLE `students` (
  `student_id` int NOT NULL,
  `username` varchar(50) NOT NULL,
  `first_name` varchar(50) NOT NULL,
  `last_name` varchar(50) NOT NULL,
  `age` int NOT NULL,
  `gender` varchar(50) DEFAULT NULL,
  `address` varchar(50) DEFAULT NULL,
  `email_address` varchar(50) DEFAULT NULL,
  `phone_number` varchar(50) DEFAULT NULL,
  `enrollment_date` date DEFAULT NULL,
  `graduation_date` date DEFAULT NULL,
  `gpa` decimal(3,2) DEFAULT NULL,
  `advisor` varchar(50) DEFAULT NULL,
  `major` varchar(23) DEFAULT NULL,
  PRIMARY KEY (`student_id`)
) ENGINE=InnoDB DEFAULT CHARSET=utf8mb4 COLLATE=utf8mb4_0900_ai_ci;
/*!40101 SET character_set_client = @saved_cs_client */;

--
-- Dumping data for table `students`
--

LOCK TABLES `students` WRITE;
/*!40000 ALTER TABLE `students` DISABLE KEYS */;
INSERT INTO `students` VALUES (1,'wluckie0','Winonah','Luckie',19,'Genderqueer','Room 1541','wluckie0@ibm.com','701-394-1788','2018-06-20','2022-02-27',2.43,'Winonah Luckie','Biology'),(2,'vshinfield1','Virge','Shinfield',23,'Male','Room 133','vshinfield1@yolasite.com','695-888-2323','2019-02-20','2024-02-02',1.48,'Virge Shinfield','Graphic Design'),(3,'amellonby2','Ashton','Mellonby',22,'Agender','Apt 565','amellonby2@addtoany.com','391-719-8157','2018-03-10','2023-04-20',0.82,'Ashton Mellonby','Journalism'),(4,'kballefant3','Kelly','Ballefant',24,'Agender','Room 1','kballefant3@princeton.edu','587-943-6202','2019-12-18','2025-01-26',0.02,'Kelly Ballefant','Urban Planning'),(5,'mkaveney4','Mellie','Kaveney',23,'Female','PO Box 84339','mkaveney4@netscape.com','480-748-0918','2019-05-11','2023-11-30',1.18,'Mellie Kaveney','Religious Studies'),(6,'dwhiles5','Dorisa','Whiles',25,'Bigender','Apt 646','dwhiles5@biglobe.ne.jp','850-130-7002','2018-03-05','2023-05-12',2.67,'Dorisa Whiles','Philosophy'),(7,'mdickon6','Maryanne','Dickon',23,'Female','Apt 1304','mdickon6@icq.com','438-147-4057','2020-04-07','2022-11-04',2.02,'Maryanne Dickon','Social Work'),(8,'lsennett7','Leta','Sennett',20,'Female','12th Floor','lsennett7@seesaa.net','897-532-5311','2019-03-10','2022-06-21',0.01,'Leta Sennett','Education'),(9,'gmungane8','Gonzales','Mungane',18,'Male','PO Box 82086','gmungane8@berkeley.edu','238-320-6360','2020-06-30','2023-10-16',2.49,'Gonzales Mungane','Biology'),(10,'rgrunson9','Reggi','Grunson',19,'Non-binary','Apt 1701','rgrunson9@4shared.com','367-601-7825','2018-02-21','2025-11-30',0.11,'Reggi Grunson','Engineering');
/*!40000 ALTER TABLE `students` ENABLE KEYS */;
UNLOCK TABLES;
/*!40103 SET TIME_ZONE=@OLD_TIME_ZONE */;

/*!40101 SET SQL_MODE=@OLD_SQL_MODE */;
/*!40014 SET FOREIGN_KEY_CHECKS=@OLD_FOREIGN_KEY_CHECKS */;
/*!40014 SET UNIQUE_CHECKS=@OLD_UNIQUE_CHECKS */;
/*!40101 SET CHARACTER_SET_CLIENT=@OLD_CHARACTER_SET_CLIENT */;
/*!40101 SET CHARACTER_SET_RESULTS=@OLD_CHARACTER_SET_RESULTS */;
/*!40101 SET COLLATION_CONNECTION=@OLD_COLLATION_CONNECTION */;
/*!40111 SET SQL_NOTES=@OLD_SQL_NOTES */;

-- Dump completed on 2025-03-05 14:26:04
